{
  "project_info": {
    "project_number": "365058731295",
    "firebase_url": "https://todolist-119f3-default-rtdb.firebaseio.com",
    "project_id": "todolist-119f3",
    "storage_bucket": "todolist-119f3.appspot.com"
  },
  "client": [
    {
      "client_info": {
        "mobilesdk_app_id": "1:365058731295:android:11cdcbe4b8e2826c81542a",
        "android_client_info": {
          "package_name": "com.example.todolist"
        }
      },
      "oauth_client": [
        {
          "client_id": "365058731295-sgn8q14qoavugr1bl3uocq3j0c935vb8.apps.googleusercontent.com",
          "client_type": 3
        }
      ],
      "api_key": [
        {
          "current_key": "AIzaSyCmhcZ-hrZ9jnKH-OhsjNIglfpyuvZatig"
        }
      ],
      "services": {
        "appinvite_service": {
          "other_platform_oauth_client": [
            {
              "client_id": "365058731295-sgn8q14qoavugr1bl3uocq3j0c935vb8.apps.googleusercontent.com",
              "client_type": 3
            }
          ]
        }
      }
    }
  ],
  "configuration_version": "1"
}